{
  "users": [
    {
      "id": "23",
      "firstName": "Bill",
      "age": 20,
      "companyId": "1"
    },
    {
      "id": "45",
      "firstName": "Samantha",
      "age": 10,
      "companyId": "1"
    },
    {
      "id": "41",
      "firstName": "Roger",
      "age": 12,
      "companyId": "2"
    }
  ],
  "companies": [
    {
      "id": "1",
      "name": "Apple",
      "description": "iPhone"
    },
    {
      "id": "2",
      "name": "Google",
      "description": "Search"
    }
  ]
}